ID,Type,x-position,y-position
1,generator,187.06136540140662,354.69712747266715
2,generator,445.3499430133488,539.6000925040576
3,generator,517.2966220138898,288.5061827921694
4,generator,628.8139744647284,466.9339467135111
5,generator,702.1995870452802,216.55950379162843
6,generator,582.7680999043821,137.4181568910333
7,generator,625.2166405147013,42.44854061031919